Id,City,latitude,longitude
127,"Wasilla, Alaska, United States",61.5814,-149.439
71,"Yobe, Yobe, Nigeria",12.0,11.5
882,"Richmond, Virginia, United States",37.5538,-77.4603
1050,"Johns Hopkins Hospital, Maryland, United States",39.2974,-76.5921
560,"Manteca, California, United States",37.7974,-121.216
1178,"Derna, Sha`Biyat Darnah, Libya",32.767,22.6367
898,"Raleigh, North Carolina, United States",35.7721,-78.6386
798,"Zamboanga Sibugay, Province Of Zamboanga Sibugay, Philippines",7.80759,122.589
512,"Gharbiya, H_efa, Israel",32.4181,35.0431
517,"Sinjar, Idlib, Syria",35.5905,37.0054
458,"East Baton Rouge Parish, Louisiana, United States",30.5169,-91.1001
451,"Shahdara, Madhya Pradesh, India",24.6167,77.6
454,"Omaha, Nebraska, United States",41.2586,-95.9378
1250,"Yaounde, Centre, Cameroon",3.86667,11.5167
634,"Gulberg, Punjab, Pakistan",31.5317,74.3495
1109,"Akron, Ohio, United States",41.0814,-81.519
578,"World Trade Center, Illinois, United States",41.8889,-87.6303
695,"Tal Abyad, Ar Raqqah, Syria",36.6816,38.9768
728,"Dhaka, Dhaka, Bangladesh",23.7231,90.4086
742,"Idlib, Idlib, Syria",35.9306,36.6339
378,"Baghdad, Baghdad, Iraq",33.3386,44.3939
29,"White House, District Of Columbia, United States",38.8951,-77.0364
889,"Cleveland County, Oklahoma, United States",35.2001,-97.3003
350,"Olmsted County, Minnesota, United States",44.0005,-92.4502
540,"Sofia, Sofiya-Grad, Bulgaria",42.6833,23.3167
1162,"Tarrant County, Texas, United States",32.7668,-97.3003
58,"Kanawha County, West Virginia, United States",38.3334,-81.5665
211,"Euphrates River, Al Anbar, Iraq",33.0833,43.4833
153,"Ajristan, Ghazni, Afghanistan",33.5093,67.1925
861,"Hampshire, Hampshire, United Kingdom",51.0833,-1.16667
101,"Brussels, Bruxelles-Capitale, Belgium",50.8333,4.33333
76,"Trenton, New Jersey, United States",40.2171,-74.7429
311,"Bernalillo County, New Mexico, United States",35.05,-106.667
571,"Port Harcourt, Rivers, Nigeria",4.78917,6.99861
1214,"Whiteville, North Carolina, United States",34.3388,-78.7031
1190,"Grand Island, Nebraska, United States",40.925,-98.342
389,"Brockton, Massachusetts, United States",42.0834,-71.0184
495,"Anchorage, Alaska, United States",61.2181,-149.9
1171,"Palm Beach, Florida, United States",26.7056,-80.0364
1123,"Qin Gang, Anhui, China",32.5294,118.598
966,"Bucharest, Bucuresti, Romania",44.4333,26.1
236,"Red Sea, Djibouti (General), Djibouti",19.0,39.5
706,"Starobesheve, Donets'ka Oblast', Ukraine",47.7504,38.0305
218,"Rossiya, Orenburgskaya Oblast', Russia",52.4,54.9833
14,"Leavenworth, Kansas, United States",39.3111,-94.9225
1259,"Dera Ismail Khan, North-West Frontier, Pakistan",31.8327,70.9024
834,"Ram Hamdan, Idlib, Syria",36.0269,36.7132
285,"Long Island, New York, United States",43.152,-76.061
594,"Tallinn, Harjumaa, Estonia",59.4339,24.7281
1135,"Lviv, L'vivs'ka Oblast', Ukraine",49.8407,24.0305
1203,"Allentown, Pennsylvania, United States",40.4276,-79.9939
96,"Luntai, Xinjiang, China",41.7739,84.2442
1068,"Falfurrias, Texas, United States",27.227,-98.1442
486,"Pollock Pines, California, United States",38.7613,-120.587
160,"Muncie, Indiana, United States",40.1934,-85.3864
569,"Wonsan, Cholla-Namdo, South Korea",34.8506,127.408
8,"Dayton, Ohio, United States",39.7589,-84.1916
98,"Mediterranean Sea, Oceans (General), Oceans",35.0,20.0
1000,"Tihar, Uttar Pradesh, India",26.3521,79.2158
43,"Taipei, T'ai-Pei, Taiwan",25.0478,121.532
686,"Kumasi, Ashanti, Ghana",6.68333,-1.61667
288,"Luhamaa, VõAa, Estonia",57.625,27.3614
193,"Saharanpur, Uttar Pradesh, India",29.9667,77.55
586,"Jawf, Abyan, Yemen",13.8378,45.8349
180,"Kaduna State, Kaduna, Nigeria",10.3333,7.75
246,"Jalalabad, Nangarhar, Afghanistan",34.4265,70.4515
999,"Damascus, Dimashq, Syria",33.5,36.3
690,"Topeka, Kansas, United States",39.0483,-95.678
1168,"Shegal, North-West Frontier, Pakistan",35.1134,72.5033
1180,"Tampa Bay, Florida, United States",27.765,-82.5825
430,"Lashio, Shan State, Myanmar",22.9333,97.75
447,"Incirlik, Antalya, Turkey",36.4655,30.3556
536,"Cobb County, Georgia, United States",33.9334,-84.5666
1130,"Atlanta, Georgia, United States",33.749,-84.388
415,"Jadavpur, West Bengal, India",22.4833,88.3833
189,"Kawuri, Kaduna, Nigeria",11.1902,8.44435
480,"Guildford, Western Australia, Australia",-31.9,115.967
1153,"Shabqadar, North-West Frontier, Pakistan",34.2139,71.5552
438,"Georgetown College, Kentucky, United States",38.2081,-84.5524
87,"Hawaii, United States",21.1098,-157.531
1022,"San Diego, California, United States",32.7153,-117.157
508,"Luhansk, Luhans'ka Oblast', Ukraine",48.567,39.3171
221,"Nusra, Kafr Ash Shaykh, Egypt",31.1453,31.0067
39,"Lubbock, Texas, United States",33.5779,-101.855
1089,"Islah, Al Ma?Wit, Yemen",15.5068,43.7413
558,"Havana, Ciudad De La Habana, Cuba",23.1319,-82.3642
417,"Accra, Greater Accra, Ghana",5.55,-0.216667
12,"Green Bay, Wisconsin, United States",44.5192,-88.0198
784,"Nasarawa, Sokoto, Nigeria",13.0303,5.1938
260,"Copperas Cove, Texas, United States",31.1241,-97.9031
573,"Philippine, Benguet, Philippines",16.45,120.55
1144,"Oregon State University, Oregon, United States",44.5643,-123.275
762,"Kolofata, Extreme-Nord, Cameroon",11.1621,14.0115
734,"Maine, United States",44.6074,-69.3977
1197,"Glasgow, Glasgow City, United Kingdom",55.8333,-4.25
144,"Kyiv, Kyyiv, Misto, Ukraine",50.4333,30.5167
381,"Capitol Heights, Maryland, United States",38.8851,-76.9158
581,"North Carolina, United States",35.6411,-79.8431
308,"Volusia County, Florida, United States",29.0836,-81.2081
906,"Nuba Mountains, Janub Kurdufan, Sudan",12.0,30.75
678,"Luzerne County, Pennsylvania, United States",41.3754,-76.2499
1247,"Natick, Massachusetts, United States",42.2834,-71.3495
205,"Sderot, Hadarom, Israel",31.525,34.5969
22,"Bhopal, Madhya Pradesh, India",23.2667,77.4
927,"District Of Columbia, United States",38.8964,-77.0262
301,"Afrin, ?Alab, Syria",36.2251,37.3266
51,"Fairbanks, Alaska, United States",64.8378,-147.716
1260,"University Park, Texas, United States",32.8501,-96.8003
456,"Harris County, Texas, United States",29.8336,-95.4002
874,"Lucknow, Uttar Pradesh, India",26.85,80.9167
652,"Minnesota, United States",45.7326,-93.9196
975,"Cleveland, Ohio, United States",41.4995,-81.6954
1033,"Karnataka, Karnataka, India",13.5,76.0
796,"Phoenix, Arizona, United States",33.4484,-112.074
1026,"Kunming, Yunnan, China",25.0389,102.718
366,"Ossetia, Russia (General), Russia",42.75,44.0
272,"Utah County, Utah, United States",40.1244,-111.626
919,"Xiamen, Fujian, China",24.4798,118.082
746,"Adamawa, Nigeria (General), Nigeria",11.4833,10.9667
534,"Shawal, Zabol, Afghanistan",31.9422,67.7721
400,"Astana, Gorod Astana, Kazakhstan",51.1811,71.4278
744,"Montreal, Quebec, Canada",45.5,-73.5833
888,"Port Elizabeth, Eastern Cape, South Africa",-33.918,25.5701
633,"Ankara, Ankara, Turkey",39.9272,32.8644
151,"Newark, New Jersey, United States",40.7357,-74.1724
468,"Mount Jewett, Pennsylvania, United States",41.7256,-78.6384
1019,"Idleb, Idlib, Syria",35.9306,36.6339
700,"Clarksville, Tennessee, United States",36.5298,-87.3595
287,"Fotokol, Extreme-Nord, Cameroon",12.3731,14.2277
475,"Tijuana, Baja California, Mexico",32.5333,-117.017
78,"Shawnee County, Kansas, United States",39.05,-95.7669
990,"Dagupan, Pangasinan, Philippines",16.1,120.517
413,"Manila, Manila, Philippines",14.6042,120.982
294,"Kaduna, Kaduna, Nigeria",10.5231,7.44028
932,"Haditha, Al Anbar, Iraq",34.1348,42.3772
764,"Khorasan, Helmand, Afghanistan",32.2193,63.808
349,"Hazm, Karbala', Iraq",32.7,43.8833
515,"Darfur, Gharb Darfur, Sudan",13.5,23.5
1242,"Khorasan, Kordestan, Iran",35.7131,47.2656
138,"Jacksonville, Florida, United States",30.3322,-81.6556
606,"Martinsburg, West Virginia, United States",39.4562,-77.9639
137,"Texas Department Of Public Safety, Texas, United States",30.3263,-97.7242
1201,"Hebron University, West Bank (General), West Bank",31.5502,35.0925
724,"Rehoboth Beach, Delaware, United States",38.7209,-75.076
666,"Maplewood, New Jersey, United States",40.7312,-74.2735
519,"Athens, AttikíR, Greece",37.9833,23.7333
1074,"Ahrar, Khuzestan, Iran",32.1321,48.2003
860,"Roubaix, Nord-Pas-De-Calais, France",50.6942,3.17456
1195,"Houston, Texas, United States",29.7633,-95.3633
1063,"Clark County, Nevada, United States",36.0003,-114.876
17,"Haram, As Suwayda', Syria",33.0997,36.5195
110,"Jammu, Jammu And Kashmir, India",32.7333,74.8667
333,"Addis Ababa, (Et10), Ethiopia",9.03333,38.7
710,"Riyadh, Ar Riya?, Saudi Arabia",24.6408,46.7728
856,"Kerawa, Extreme-Nord, Cameroon",11.1825,13.9135
112,"Rabat, Rabat-SaléEmmour-ZaëMo, Morocco",34.02,-6.83
191,"Saratoga, Utah, United States",40.3491,-111.905
588,"Al Qaim, Qadissiya Muhafadha, Iraq",31.5908,44.5386
646,"Hiroshima, Hiroshima, Japan",34.4,132.45
446,"Kurdistan, Khuzestan, Iran",30.6693,50.2055
262,"Volga, Yaroslavskaya Oblast', Russia",57.5488,40.117
1220,"Maquoketa, Iowa, United States",42.0689,-90.6657
212,"Aleppo, ?Alab, Syria",36.2028,37.1586
1149,"Azeri, Vayots' Dzor, Armenia",39.7195,45.6474
542,"Las Vegas, Nevada, United States",36.175,-115.137
961,"North Waziristan, Federally Administered Tribal Areas, Pakistan",32.9509,69.9576
1087,"Northern Ireland, Craigavon, United Kingdom",54.5,-6.5
170,"Tokyo, Tokyo, Japan",35.685,139.751
33,"Kentucky, United States",37.669,-84.6514
660,"Berlin, Berlin, Germany",52.5167,13.4
7,"Baton Rouge, Louisiana, United States",30.4507,-91.1545
227,"Federal Capital Territory, Abuja Federal Capital Territory, Nigeria",8.83333,7.16667
566,"Pima County, Arizona, United States",32.0004,-112.003
526,"Wythe County, Virginia, United States",36.9168,-81.0498
806,"Ben Gurion, Hamerkaz, Israel",32.0114,34.8867
264,"Montevideo, Montevideo, Uruguay",-34.8581,-56.1708
255,"Westville, Kwazulu-Natal, South Africa",-29.8255,30.937
1229,"Saint-Martin-Vesubie, Provence-Alpes-CôD'azur, France",44.07,7.25547
108,"Jeddah, Makkah, Saudi Arabia",21.5169,39.2192
604,"California, United States",36.17,-119.746
1001,"Montgomery County, Pennsylvania, United States",40.3754,-75.4999
717,"Johannesburg, Gauteng, South Africa",-26.2,28.0833
232,"Phnom Penh, (Cb11), Cambodia",11.55,104.917
477,"Al-Qaidah, ?Ajjah, Yemen",16.0941,43.4091
815,"Fresh Pond, California, United States",38.7602,-120.53
671,"Wuhan, Hubei, China",30.5833,114.267
225,"Long Beach, California, United States",33.767,-118.189
142,"Shabwa, La?Ij, Yemen",13.5167,44.4333
207,"Kismayu, Jubbada Hoose, Somalia",-0.358173,42.5454
48,"Rutgers University, New Jersey, United States",40.4995,-74.4443
360,"Hawija, DiyaláZ, Iraq",34.0167,44.3833
663,"Wake County, North Carolina, United States",35.7835,-78.6331
969,"New Jersey, United States",40.314,-74.5089
1174,"Cape Town, Western Cape, South Africa",-33.9167,18.4167
1076,"Cincinnati, Ohio, United States",39.162,-84.4569
510,"Mardan, North-West Frontier, Pakistan",34.2019,72.0525
393,"Raqqa, Ar Raqqah, Syria",35.95,39.0167
449,"Penang, Pulau Pinang, Malaysia",5.41123,100.335
658,"Gulf Of Mexico, Louisiana, United States",29.1869,-89.9367
549,"Khartoum, Al Khartum, Sudan",15.5881,32.5342
659,"Suez Canal, As Suways, Egypt",29.9314,32.5628
1141,"Hamilton County, Ohio, United States",39.1834,-84.5333
1128,"Salford, Salford, United Kingdom",53.4833,-2.26667
682,"Detroit, Michigan, United States",42.3314,-83.0458
375,"Denver, Colorado, United States",39.7392,-104.985
788,"Ford County, Kansas, United States",37.7,-99.9004
128,"Sandy Ridge, North Carolina, United States",36.499,-80.1042
303,"Las Cruces, New Mexico, United States",32.3123,-106.778
614,"Ashanti, Ghana (General), Ghana",6.91428,0.536667
278,"Tizi Ouzou, Tizi Ouzou, Algeria",36.7118,4.04591
130,"Anadolu, Turkey (General), Turkey",39.0,35.0
155,"Borno State, Borno, Nigeria",11.5,13.0
53,"Conshohocken, Pennsylvania, United States",40.0793,-75.3016
1112,"Seattle, Washington, United States",47.6062,-122.332
626,"Kashmir, Jammu And Kashmir, India",33.9167,76.6667
941,"Belfast, Belfast, United Kingdom",54.5833,-5.93333
461,"Kansas, United States",38.5111,-96.8005
583,"Fern Creek, Kentucky, United States",38.1598,-85.5877
257,"Great Falls, Montana, United States",47.5002,-111.301
782,"Crawford, Ohio, United States",40.9198,-83.3421
85,"Bhaktapur, Nepal (General), Nepal",27.673,85.43
809,"Sacramento, California, United States",38.5816,-121.494
425,"Boulder, Colorado, United States",40.015,-105.271
591,"Kampala, Kampala, Uganda",0.315556,32.5656
539,"New Britain, Connecticut, United States",41.6612,-72.7795
781,"Sadr City, Baghdad, Iraq",33.3977,44.4616
276,"Eastern Province, Ash Sharqiyah, Saudi Arabia",22.5,51.0
520,"Amirli, Sala? Ad Din, Iraq",34.7256,44.5845
1218,"West Orange, New Jersey, United States",40.7987,-74.239
1193,"Lagos, Lagos, Nigeria",6.45306,3.39583
55,"Bar Harbor, Maine, United States",44.3876,-68.2039
57,"Hong Kong Island, Hong Kong (General), Hong Kong",22.25,114.183
259,"Semarang, Jawa Tengah, Indonesia",-6.9932,110.42
424,"Ghouta, Dimashq, Syria",33.5,36.3833
1146,"Han Kuang, Guangdong, China",24.1098,113.005
395,"Sargodha, Punjab, Pakistan",32.0836,72.6711
988,"Perth, Western Australia, Australia",-31.9333,115.833
35,"Rockville, California, United States",38.2441,-122.122
347,"Indiana State University, Indiana, United States",37.9623,-87.6764
665,"Herat, Herat, Afghanistan",34.3482,62.1997
434,"Lusaka, Lusaka, Zambia",-15.4167,28.2833
1184,"Atlantic City, New Jersey, United States",39.3643,-74.4229
865,"North Nazimabad, Sindh, Pakistan",24.9274,67.0348
1207,"Calhan, Colorado, United States",39.0355,-104.297
930,"Karnes City, Texas, United States",28.885,-97.9008
442,"Uttar Pradesh, Uttar Pradesh, India",27.25,80.75
689,"Chibok, Borno, Nigeria",10.8658,12.847
886,"Pascagoula, Mississippi, United States",30.3658,-88.5561
642,"Brattleboro, Vermont, United States",42.8509,-72.5579
1116,"Unrwa, Gaza Strip (General), Gaza Strip",31.5119,34.4411
1028,"West Virginia, United States",38.468,-80.9696
198,"Yosemite National Park, California, United States",37.8499,-119.568
1098,"Deseret, Utah, United States",39.2869,-112.653
1059,"Lugansk, Novosibirskaya Oblast', Russia",53.622,77.5991
727,"Abbottabad, North-West Frontier, Pakistan",34.1469,73.2145
939,"Dodge City, Kansas, United States",37.7528,-100.017
320,"Gaziantep, Gaziantep, Turkey",37.0594,37.3825
913,"Qalamun, Rif Dimashq, Syria",34.1001,36.7057
249,"Naperville, Illinois, United States",41.7859,-88.1473
361,"Gurgaon, Haryana, India",28.4667,77.0333
465,"Fort Worth, Texas, United States",32.7254,-97.3208
819,"Tbilisi, Georgia (General), Georgia",41.725,44.7908
1189,"Terre Haute, Indiana, United States",39.4667,-87.4139
1177,"Corpus Christi, Texas, United States",27.8006,-97.3964
1127,"Pike County, Pennsylvania, United States",41.5004,-75.1249
776,"Lyari, Sindh, Pakistan",26.4602,68.2523
894,"Ghazni, Ghazni, Afghanistan",33.5508,68.4225
140,"Canberra, Australian Capital Territory, Australia",-35.2833,149.217
181,"Istanbul, Istanbul, Turkey",41.0186,28.9647
412,"Tamil Nadu, Tamil Nadu, India",11.0,78.0
385,"Tiananmen Square, Beijing, China",39.9044,116.391
307,"Herzliya, Tel Aviv, Israel",32.1658,34.8367
985,"Des Moines, Iowa, United States",41.6005,-93.6091
830,"Imjin River, , North Korea",37.785,126.664
154,"Pennsylvania, United States",40.5773,-77.264
479,"Sacramento County, California, United States",38.4666,-121.318
1166,"Burlington, Newfoundland, Canada",49.75,-56.0333
1101,"New Mexico, United States",34.8375,-106.237
326,"Anbar, Balkh, Afghanistan",35.8198,66.7913
1165,"Fallujah, Al Anbar, Iraq",33.3558,43.7861
1003,"Santa Fe County, New Mexico, United States",35.5167,-105.951
1054,"Sierra Nevada, California, United States",36.5785,-118.293
681,"Los Angeles, California, United States",34.0522,-118.244
619,"Times Square, New York, United States",40.757,-73.986
1029,"Kabul, Kabol, Afghanistan",34.5167,69.1833
621,"Memon Goth, Sindh, Pakistan",27.4896,68.1918
524,"Deir Ezzor, Dayr Az Zawr, Syria",35.3359,40.1408
554,"Geneva, Genè, Switzerland",46.1956,6.14811
552,"Malolos, Bulacan, Philippines",14.8419,120.812
780,"Furqan, At Ta'mim, Iraq",35.3154,44.5636
440,"Bulacan, Camarines Norte, Philippines",14.222,122.907
230,"Beirut, Beyrouth, Lebanon",33.8719,35.5097
115,"Toronto, Ontario, Canada",43.6667,-79.4167
299,"Massachusetts Institute Of Technology, Massachusetts, United States",42.3595,-71.0917
377,"South Carolina, United States",33.8191,-80.9066
922,"Amman, (Jo11), Jordan",31.95,35.9333
602,"Oregon, United States",44.5672,-122.127
841,"Muskegon County, Michigan, United States",43.3,-86.1334
1044,"Haryana, Haryana, India",29.6161,76.9806
91,"Yasukuni, Hokkaido, Japan",43.9894,143.537
1240,"Commonwealth Of Pennsylvania, Pennsylvania, United States",40.7503,-77.75
701,"Quneitra, Al Qunaytirah, Syria",33.1259,35.8246
467,"Westborough, Massachusetts, United States",42.2695,-71.6162
474,"Myrtle Beach, South Carolina, United States",33.6891,-78.8867
867,"Manchester, Manchester, United Kingdom",53.5,-2.21667
214,"Hubei, Guangdong, China",23.2656,116.054
564,"Bangalore, Karnataka, India",12.9833,77.5833
817,"Maseru, Maseru, Lesotho",-29.3167,27.4833
657,"Albuquerque, New Mexico, United States",35.0845,-106.651
229,"Springfield, Massachusetts, United States",42.1015,-72.5898
768,"Niagara Falls, Ontario, Canada",43.1,-79.05
1092,"Ramallah, West Bank (General), West Bank",31.9026,35.1955
503,"Monroe County, Georgia, United States",33.0015,-83.8832
315,"Cheverly, Maryland, United States",38.9282,-76.9158
761,"Hollywood, California, United States",34.0983,-118.327
576,"Durban, Kwazulu-Natal, South Africa",-29.85,31.0167
738,"Tel Aviv, Tel Aviv, Israel",32.0667,34.7667
1243,"Portland, Oregon, United States",45.5235,-122.676
1078,"Krasnodon, Luhans'ka Oblast', Ukraine",48.2923,39.7373
1253,"Illinois, United States",40.3363,-89.0022
544,"Dover, Delaware, United States",39.1582,-75.5244
1196,"Park City, Utah, United States",40.6461,-111.498
1114,"Trotwood, Ohio, United States",39.7973,-84.3113
328,"Melilla, Spain (General), Spain",35.2839,-2.94307
239,"Georgia, United States",32.7673,-89.6812
122,"Beavercreek, Ohio, United States",39.7092,-84.0633
1223,"Euphrates, Dayr Az Zawr, Syria",35.0,40.25
878,"Honolulu, Hawaii, United States",21.3069,-157.858
628,"Ohio, United States",40.3736,-82.7755
269,"Kwazulu, Eastern Cape, South Africa",-31.2895,29.4551
281,"Spinwam, Federally Administered Tribal Areas, Pakistan",33.1799,70.3801
363,"London, London, City Of, United Kingdom",51.5,-0.116667
733,"Jaghori, Ghazni, Afghanistan",33.1331,67.4536
997,"Yerevan, Yerevan*, Armenia",40.1811,44.5136
36,"Bagram, Parvan, Afghanistan",34.9669,69.265
748,"El Paso, Texas, United States",31.7587,-106.487
472,"Ajrestan, Ghazni, Afghanistan",33.5111,67.1925
317,"Bullhead City, Arizona, United States",35.1478,-114.568
608,"Gregg County, Texas, United States",32.5168,-94.8169
711,"University Of Hong Kong, Hong Kong (General), Hong Kong",22.2833,114.133
132,"Larimer County, Colorado, United States",40.6666,-105.467
1254,"New Orleans, Louisiana, United States",29.9546,-90.0751
537,"Pune, Maharashtra, India",18.5333,73.8667
522,"Falluja, Al Anbar, Iraq",33.3558,43.7861
44,"Baalbek, Mohafazat Baalbek-Hermel, Lebanon",34.0058,36.2181
1007,"Peshawar, North-West Frontier, Pakistan",34.0078,71.5733
667,"Antakya, Hatay, Turkey",36.2066,36.1572
741,"Lahore, Punjab, Pakistan",31.5497,74.3436
1186,"Dayr Az Zawr, Dayr Az Zawr, Syria",35.3359,40.1408
998,"Worcester, Massachusetts, United States",42.2626,-71.8023
714,"Anbar, Al Anbar, Iraq",33.3667,43.7167
529,"Wyoming, United States",42.7475,-107.209
1058,"Edinburgh, Edinburgh, City Of, United Kingdom",55.95,-3.2
397,"Rockwell City, Iowa, United States",42.3953,-94.6339
1096,"Cairo, Al Qahirah, Egypt",30.05,31.25
908,"South Yorkshire, United Kingdom (General), United Kingdom",53.45,-1.25
1191,"Alexandria, Al Iskandariyah, Egypt",31.1981,29.9192
903,"Charlottesville, Virginia, United States",38.0293,-78.4767
247,"New London, Connecticut, United States",41.3557,-72.0995
165,"Khazir, At Ta'mim, Iraq",35.5296,43.8406
289,"Adiala, Punjab, Pakistan",33.4581,72.9965
729,"Maryland, United States",39.0724,-76.7902
2,"Ilovaysk, Donets'ka Oblast', Ukraine",47.925,38.2024
808,"Arab League, Al Qahirah, Egypt",30.0445,31.2332
401,"Randburg, Gauteng, South Africa",-26.0991,27.9759
845,"Paducah, Kentucky, United States",37.0834,-88.6
1231,"Kashmiri, Punjab, Pakistan",32.0387,73.751
1119,"Hattiesburg, Mississippi, United States",31.3271,-89.2903
1249,"Beijing, Beijing, China",39.9289,116.388
147,"Kalkaska, Michigan, United States",44.7342,-85.1759
973,"South Bend, Indiana, United States",41.6834,-86.25
1142,"Muskegon, Michigan, United States",43.2342,-86.2484
915,"Johnson County, Iowa, United States",41.6667,-91.5335
1052,"Richland County, South Carolina, United States",34.0168,-80.9165
974,"Akcakale, Tokat, Turkey",40.1812,35.7651
702,"Kalri, Punjab, Pakistan",32.6729,71.8901
636,"Stoke-On-Trent, Stoke-On-Trent, United Kingdom",53.0,-2.18333
1104,"Unrwa, West Bank (General), West Bank",31.8984,35.1773
561,"Basilan, Basilan, Philippines",6.7085,121.971
1133,"Gaza City, Israel (General), Israel",31.4167,34.3333
209,"New Delhi, Delhi, India",28.6,77.2
1118,"Crimea, Krym, Avtonomna Respublika, Ukraine",45.0,34.0
357,"Rafah, Gaza Strip (General), Gaza Strip",31.3292,34.2311
117,"Colorado Springs, Colorado, United States",38.8339,-104.821
455,"Brighton Beach, New York, United States",40.5779,-73.9596
600,"Clarke County, Georgia, United States",33.9501,-83.3832
80,"Madrid, Madrid, Spain",40.4,-3.68333
336,"Lake County, Indiana, United States",41.417,-87.3653
457,"Alaska, United States",61.385,-152.268
821,"Balochistan, Balochistan, Pakistan",28.4785,65.6436
383,"North Waziristan Agency, Federally Administered Tribal Areas, Pakistan",32.9509,69.9576
963,"Dunmore, Pennsylvania, United States",41.4198,-75.6324
297,"Black Sea, Oceans (General), Oceans",43.0,35.0
92,"Fort Myers, Florida, United States",26.6406,-81.8723
10,"Jewish Museum, New York, United States",40.7853,-73.9572
550,"Sussex, East Sussex, United Kingdom",50.9167,-0.083333
505,"Mizban, Baghdad, Iraq",33.2669,44.5794
670,"Su-Yong, Pusan-Gwangyoksi, South Korea",35.1667,129.117
1094,"Kolkata, West Bengal, India",22.5697,88.3697
419,"Silwan, West Bank (General), West Bank",31.7684,35.2381
995,"Charlotte, North Carolina, United States",35.2271,-80.8431
837,"Pulaski County, Arkansas, United States",34.7668,-92.3001
592,"Fort Collins, Colorado, United States",40.5853,-105.084
149,"Huta, ?A?Ramawt, Yemen",14.2833,48.4333
712,"Hebron, Israel (General), Israel",31.5333,35.1
210,"Badakhshan, Badakhshan, Afghanistan",36.75,72.0
406,"Gulak, Adamawa, Nigeria",10.7994,13.4622
173,"Karacabey, Bursa, Turkey",40.2153,28.4038
530,"Newport, Newport, United Kingdom",51.5833,-2.98333
66,"Kulachi, Balochistan, Pakistan",28.8874,67.6729
1030,"Missouri, United States",38.4623,-92.302
763,"Malabu, Adamawa, Nigeria",9.55722,12.7819
470,"York County, Maine, United States",43.4668,-70.6828
793,"Glenvil, Nebraska, United States",40.5042,-98.2531
1205,"Nevada, United States",38.4199,-117.122
654,"Florissant, Missouri, United States",38.7892,-90.3226
252,"Shuafat, West Bank (General), West Bank",31.8,35.2
1159,"Tehran, Tehran, Iran",35.75,51.5148
883,"Novoazovsk, Donets'ka Oblast', Ukraine",47.1159,38.0852
283,"Barwana, Al Anbar, Iraq",34.0958,42.3888
271,"Cape Breton, Nova Scotia, Canada",45.95,-59.7833
1256,"Cedar Rapids, Iowa, United States",42.0083,-91.6441
1070,"City Of London, London, City Of, United Kingdom",51.5141,-0.093689
491,"Galkayo, Mudug, Somalia",6.76972,47.4308
864,"Ras Al-Ayn, Rif Dimashq, Syria",33.9547,36.6267
1016,"Moscow, Moskva, Russia",55.7522,37.6156
219,"Afgooye, Bay, Somalia",3.4462,43.8369
13,"Penobscot County, Maine, United States",45.2506,-68.6661
799,"Jiddah, Makkah, Saudi Arabia",21.5169,39.2192
105,"Cascade Range, Washington, United States",46.8529,-121.76
925,"Daquq, At Ta'mim, Iraq",35.1392,44.4491
840,"Zhangjiagang, Sichuan, China",31.2931,104.318
597,"Haverhill, Massachusetts, United States",42.7762,-71.0773
111,"Noxubee County, Mississippi, United States",33.129,-88.5559
1042,"Plateau State, Plateau, Nigeria",9.16667,9.75
408,"Milwaukee, Wisconsin, United States",43.0389,-87.9065
196,"Reno, Nevada, United States",39.5296,-119.814
945,"Colorado, United States",39.0646,-105.327
242,"Benina, Libya (General), Libya",32.0833,20.2667
1169,"Kano State, Kano, Nigeria",11.5,8.5
559,"Springville, Utah, United States",40.1652,-111.611
32,"Vancouver, British Columbia, Canada",49.25,-123.133
118,"Waziristan, Pakistan (General), Pakistan",33.0,70.0
206,"Helmand, Helmand, Afghanistan",31.0,64.0
443,"Snizhne, Krym, Avtonomna Respublika, Ukraine",45.5273,32.8377
959,"Goranboy, Goranboy, Azerbaijan",40.6103,46.7897
331,"Chongjin, Hamgyong-Bukto, North Korea",41.7956,129.776
737,"Johnson County, Kansas, United States",38.8667,-94.8669
580,"Kaliningrad, Kaliningradskaya Oblast', Russia",54.7065,20.511
84,"Siftek, Mardin, Turkey",37.4332,40.2578
805,"Hawijah, DiyaláZ, Iraq",34.0167,44.3833
1020,"World Bank, District Of Columbia, United States",38.899,-77.0422
220,"Kerala, Kerala, India",10.0,76.5
1021,"Waipahu, Hawaii, United States",21.3867,-158.009
31,"Persian Gulf, Oceans (General), Oceans",27.0,51.0
934,"Salt Lake City, Utah, United States",40.7608,-111.891
948,"Kharkiv, Kharkivs'ka Oblast', Ukraine",49.9808,36.2527
226,"Velez-Malaga, AndalucíSp, Spain",36.7726,-4.10045
15,"Madera County, California, United States",37.1666,-119.834
431,"Strafford County, New Hampshire, United States",43.3167,-71.0495
527,"Volyn, Tul'skaya Oblast', Russia",54.1546,37.4002
1145,"Tavush, Azerbaijan (General), Azerbaijan",41.0789,45.7681
382,"Gaza, Israel (General), Israel",31.4167,34.3333
62,"Feni, Chittagong, Bangladesh",23.0186,91.41
833,"Fordham University, New York, United States",40.8612,-73.886
139,"Witheridge, Devon, United Kingdom",50.9167,-3.71667
129,"Causeway Bay, Hong Kong (General), Hong Kong",22.2833,114.183
548,"Springfield, Missouri, United States",37.2153,-93.2982
926,"Cascade County, Montana, United States",47.3,-111.367
1246,"Shenzhen, Guangdong, China",22.2,111.117
859,"Pampanga, Davao City, Philippines",7.11,125.649
739,"Caracas, Distrito Federal, Venezuela",10.5,-66.9167
1110,"Stockton, California, United States",37.9577,-121.291
876,"Travis County, Texas, United States",30.3335,-97.8003
418,"Baraawe, Shabeellaha Hoose, Somalia",1.1132,44.0297
168,"Memphis, Tennessee, United States",35.1495,-90.049
135,"Guangxi, Guangxi, China",24.0,109.0
1152,"Jackson County, Iowa, United States",42.1667,-90.5835
789,"Washoe County, Nevada, United States",40.7502,-119.626
178,"Monrovia, Montserrado, Liberia",6.31056,-10.8047
1131,"Hanoi, Ha N?I, Vietnam, Republic Of",21.0333,105.85
124,"Madras, Tamil Nadu, India",13.0833,80.2833
1090,"Muhammad Omar, Nimruz, Afghanistan",31.1817,61.8222
627,"Najaf, An Najaf, Iraq",31.9892,44.3291
993,"Gilchrist County, Florida, United States",29.7086,-82.7915
0,"Alabama, United States",32.799,-86.8073
364,"Juarez, MéCo, Mexico",31.7333,-106.483
388,"Rafah, Shamal Sina', Egypt",31.2878,34.2369
950,"South Vietnam, Vietnam (General), Vietnam, Republic Of",11.0,107.0
1025,"Tikrit, Sala? Ad Din, Iraq",34.6158,43.6786
509,"Baku, Baki*, Azerbaijan",40.3953,49.8822
1015,"Goddard College, Vermont, United States",44.279,-72.4384
367,"Nebraska, United States",41.1289,-98.2883
976,"Kuala Lumpur, Kuala Lumpur, Malaysia",3.16667,101.7
716,"Tripoli, Tarabulus, Libya",32.8925,13.18
940,"Coalisland, Dungannon, United Kingdom",54.5333,-6.7
485,"Donbass, Ukraine (General), Ukraine",48.5,38.5
21,"Kabylie, Bordj Bou ArréDj, Algeria",36.25,5.0
720,"New Hampshire, United States",43.4108,-71.5653
453,"Chakiwara, Sindh, Pakistan",24.8747,67.0003
244,"Essex County, New Jersey, United States",40.7834,-74.2163
1202,"Suva, Central, Fiji",-18.1333,178.417
637,"Erbil, Liwa' Irbil, Iraq",36.1926,44.0106
351,"Colombo, Western, Sri Lanka",6.93194,79.8478
595,"Juba, Wilayat Bahr Al Jabal, South Sudan",4.84597,31.6012
1138,"Shiv, Rajasthan, India",26.1833,71.25
488,"Bedford County, Pennsylvania, United States",40.2504,-78.625
752,"Albemarle, North Carolina, United States",35.6115,-82.5426
1012,"Philadelphia, Pennsylvania, United States",39.9523,-75.1638
835,"Petersburg, Sankt-Peterburg, Russia",59.8944,30.2642
379,"Mainok, Borno, Nigeria",11.8288,12.6345
1032,"Washington, District Of Columbia, United States",38.8951,-77.0364
113,"Boise, Idaho, United States",43.6135,-116.203
342,"San Diego County, California, United States",33.0334,-116.801
452,"Philippine Sea, Oceans (General), Oceans",20.0,135.0
862,"Boston, Massachusetts, United States",42.3584,-71.0598
295,"Nablus, West Bank (General), West Bank",32.2199,35.2636
579,"Shabelle, Bay, Somalia",2.19037,42.8761
341,"Rivers State, Rivers, Nigeria",4.75,6.83333
77,"Bethlehem, West Bank (General), West Bank",31.7049,35.2038
1215,"Louisville, Kentucky, United States",38.2542,-85.7594
64,"Placerville, California, United States",38.7296,-120.799
881,"Simferopol, Krym, Avtonomna Respublika, Ukraine",44.9572,34.1108
312,"Bekaa, BéA, Lebanon",33.6667,35.8333
405,"Pinecrest, Florida, United States",27.85,-82.1456
507,"Mogadishu, Banaadir, Somalia",2.06667,45.3667
237,"Pretoria, Gauteng, South Africa",-25.7069,28.2294
1002,"Zumar, Liwa' Irbil, Iraq",35.9937,43.4506
1173,"Boulder County, Colorado, United States",40.0833,-105.351
567,"Virginia, United States",37.768,-78.2057
416,"New Brunswick, New Jersey, United States",40.4862,-74.4518
100,"Mohammad Hasan, Paktika, Afghanistan",32.8107,68.4712
380,"Pocatello, Idaho, United States",42.8713,-112.446
914,"Jackson County, Missouri, United States",39.0167,-94.3502
300,"Playa Del Carmen, Quintana Roo, Mexico",20.6167,-87.0667
965,"Rhea Medical Center, Tennessee, United States",35.5291,-84.9819
120,"Marib, Ma'rib, Yemen",15.461,45.3253
286,"Shawal, Federally Administered Tribal Areas, Pakistan",32.6222,69.4728
1075,"West Point, Montserrado, Liberia",6.33333,-10.8
800,"Al-Hayat, As Suwayda', Syria",32.94,36.6564
1148,"Whitehouse, District Of Columbia, United States",38.8951,-77.0364
254,"Vienna, Wien, Austria",48.2,16.3667
392,"Brighton, Brighton And Hove, United Kingdom",50.8333,-0.15
496,"Burlington, Vermont, United States",44.4759,-73.2121
605,"Rhode Island, United States",41.6772,-71.5101
42,"University Of Alabama, Alabama, United States",33.2151,-87.5467
644,"Kiev, Ukraine (General), Ukraine",50.4333,30.5167
759,"Arsal, Mohafazat Baalbek-Hermel, Lebanon",34.1794,36.4208
1073,"Sioux City, Iowa, United States",42.5,-96.4003
235,"Louisiana, United States",31.1801,-91.8749
436,"Charleston County, South Carolina, United States",32.7668,-79.9665
213,"San Francisco, California, United States",37.7749,-122.419
816,"Purdue University, Indiana, United States",40.4281,-86.9225
568,"Blue Nile, An Nil Al Azraq, Sudan",11.15,34.1
1062,"South Dakota, United States",44.2853,-99.4632
265,"Khilafa, NinawáZ, Iraq",36.8035,43.6848
296,"Bashkortostan, Bashkortostan, Russia",56.2445,56.2518
916,"Doha, Ad Daw?Ah, Qatar",25.2867,51.5333
200,"Arkansas, United States",34.9513,-92.3809
329,"Guatemala City, Guatemala, Guatemala",14.6211,-90.5269
525,"Delhi, Delhi, India",28.6667,77.2167
27,"Beit Hanina, West Bank (General), West Bank",31.83,35.2254
787,"Agadez, Agadez, Niger",16.9733,7.99111
582,"West Bend, Wisconsin, United States",43.4253,-88.1834
109,"Abu Kamal, Dayr Az Zawr, Syria",34.45,40.9186
557,"Tunis, (Ts26), Tunisia",36.8028,10.1797
718,"Suruc, Konya, Turkey",38.2262,33.2047
1239,"Oklahoma, United States",35.5376,-96.9247
441,"Knox County, Maine, United States",43.8501,-69.3328
672,"Gauteng, Gauteng, South Africa",-26.0833,28.25
1140,"Tianshan, Jilin, China",43.6182,129.608
769,"Merrylands, New South Wales, Australia",-33.8333,150.983
1181,"Ahmedabad, Gujarat, India",23.0333,72.6167
275,"Khorasani, Kerman, Iran",28.0,57.2444
983,"Tigris River, Al Basrah, Iraq",31.0,47.4167
803,"Utah, United States",40.1135,-111.854
197,"Fuengirola, AndalucíSp, Spain",36.5433,-4.6269
853,"Anbar, Sistan Va Baluchestan, Iran",26.7908,62.7736
60,"Indianapolis, Indiana, United States",39.7684,-86.158
1245,"Dohuk, Dahuk, Iraq",36.8671,42.9884
1067,"Mong Kok, Hong Kong (General), Hong Kong",22.3167,114.167
691,"Gaston County, North Carolina, United States",35.3001,-81.1998
346,"Kings Cross, New South Wales, Australia",-33.8833,151.217
911,"Manbij, ?Alab, Syria",36.5282,37.955
1111,"Minsk, Belarus (General), Belarus",53.9,27.5667
677,"Fall River County, South Dakota, United States",43.2666,-103.55
907,"Monroe County, Pennsylvania, United States",41.2504,-75.1496
650,"Freetown, Western Area, Sierra Leone",8.49,-13.2342
590,"Cook County, Illinois, United States",41.8334,-87.8501
895,"Pasco County, Florida, United States",28.292,-82.4165
664,"Rexdale, Ontario, Canada",43.7167,-79.5667
224,"Delaware, United States",39.3498,-75.5148
79,"Miami, Florida, United States",25.7743,-80.1937
617,"Donbas, Ukraine (General), Ukraine",48.5,38.5
352,"Montana, United States",46.9048,-110.326
126,"Gwoza, Borno, Nigeria",11.1036,13.713
1034,"Lafia, Nassarawa, Nigeria",8.48333,8.51667
251,"Vermont, United States",44.0407,-72.7093
426,"Manama, Al Manamah, Bahrain",26.2361,50.5831
369,"Tartu, Tartumaa, Estonia",58.3661,26.7361
996,"Lugansk, Luhans'ka Oblast', Ukraine",48.567,39.3171
651,"Tampa, Florida, United States",27.9475,-82.4584
956,"Zabul, Zabol, Afghanistan",32.25,67.25
483,"West Lafayette, Indiana, United States",40.4259,-86.9081
498,"Madhya Pradesh, Madhya Pradesh, India",23.5,78.5
629,"Tabai, Federally Administered Tribal Areas, Pakistan",33.8403,70.4703
947,"Indiana, United States",39.8647,-86.2604
372,"Cuyahoga County, Ohio, United States",41.4334,-81.6665
920,"Coeur Dalene, Idaho, United States",47.6777,-116.78
887,"Manhattan, New York, United States",40.7834,-73.9662
1160,"Texas, United States",31.106,-97.6475
99,"Amarillo, Texas, United States",35.222,-101.831
72,"Grand Rapids, Michigan, United States",42.9634,-85.6681
500,"Southern Methodist University, Texas, United States",32.8451,-96.7842
869,"Norfolk, Virginia, United States",36.8468,-76.2852
1200,"Lashkar, North-West Frontier, Pakistan",34.945,72.8164
790,"Beit Lahiya, Gaza Strip (General), Gaza Strip",31.5464,34.4951
533,"Bishkek, Bishkek, Kyrgyzstan",42.8731,74.6003
1122,"Saratoga Springs, Utah, United States",40.3491,-111.905
462,"Yavoriv, Ivano-Frankivs'ka Oblast', Ukraine",49.0125,23.9481
843,"Tulsa, Oklahoma, United States",36.154,-95.9928
1209,"Tell Abiad, Ar Raqqah, Syria",36.6816,38.9768
263,"Decatur, Georgia, United States",33.7748,-84.2963
632,"Mursitpinar, Sanliurfa, Turkey",36.9047,38.3494
394,"Cheyenne, Wyoming, United States",41.14,-104.82
514,"Datta Khel, Federally Administered Tribal Areas, Pakistan",33.1497,70.4347
610,"Kashmir, North-West Frontier, Pakistan",34.796,72.1502
725,"Iowa, United States",42.0046,-93.214
931,"Maricopa County, Arizona, United States",33.5,-112.501
513,"Mayo Tsanaga, Extreme-Nord, Cameroon",10.7833,14.6667
615,"Makkah, Makkah, Saudi Arabia",21.4267,39.8261
476,"Kremlin, Moskva, Russia",55.7522,37.6156
797,"Miamisburg, Ohio, United States",39.6428,-84.2866
1136,"Longview, Texas, United States",32.5007,-94.7405
1175,"Orlando, Florida, United States",28.5383,-81.3792
1236,"Orange County, California, United States",33.7,-117.768
967,"Mumbai, Maharashtra, India",18.975,72.8258
322,"Greene County, Ohio, United States",39.6834,-83.8999
645,"Bridgeport, Connecticut, United States",41.167,-73.2048
469,"Massachusetts, United States",42.2373,-71.5314
635,"Sistema, Chelyabinskaya Oblast', Russia",53.1109,60.219
1088,"Tuscaloosa, Alabama, United States",33.2098,-87.5692
575,"Golan Heights, Syria (General), Syria",32.9049,35.8072
1176,"Hayatabad, North-West Frontier, Pakistan",34.2815,71.6886
979,"Azizabad, North-West Frontier, Pakistan",34.1258,71.8686
709,"Kerongo, Nyanza, Kenya",-0.65,34.8167
1005,"Delaware County, Pennsylvania, United States",40.0004,-75.3749
28,"Santiago, RegióEtropolitana, Chile",-33.45,-70.6667
40,"New Haven, Connecticut, United States",41.3082,-72.9282
310,"Vadodara, Gujarat, India",22.3,73.2
192,"Framingham, Massachusetts, United States",42.2793,-71.4162
589,"Kebbi, Sokoto, Nigeria",12.1288,4.73509
699,"Oak Park, Illinois, United States",41.885,-87.7845
1115,"Seoul, Soul-T'ukpyolsi, South Korea",37.5664,127.0
687,"Estacada, Oregon, United States",45.2896,-122.334
960,"Heathrow, Hillingdon, United Kingdom",51.4667,-0.45
818,"Jefferson City, Missouri, United States",38.5767,-92.1735
1038,"Towanda, Pennsylvania, United States",41.7676,-76.4427
245,"Xiao Qiang, Shaanxi, China",34.4599,107.777
543,"Sanliurfa, Sanliurfa, Turkey",37.1671,38.7939
826,"Smyrna, Izmir, Turkey",38.4104,27.142
354,"Somaliland, Somalia (General), Somalia",9.0,46.0
1064,"Northborough, Massachusetts, United States",42.3195,-71.6412
757,"Novokaterynivka, Krym, Avtonomna Respublika, Ukraine",45.3649,34.5353
332,"Arab Bank, West Bank (General), West Bank",31.9052,35.2046
9,"Sandy Hook, Connecticut, United States",41.4201,-73.2821
1099,"Ikotun, Lagos, Nigeria",6.44972,3.08744
34,"Xinjiang, Jiangxi, China",27.7481,116.274
745,"Albemarle High School, North Carolina, United States",35.371,-80.1934
603,"Raqqah, Ar Raqqah, Syria",35.95,39.0167
565,"Mexico City, Distrito Federal, Mexico",19.4342,-99.1386
850,"Wisconsin, United States",44.2563,-89.6385
1045,"Lima, Lima, Peru",-12.05,-77.05
891,"Dallas, Texas, United States",32.7831,-96.8067
937,"Bucyrus, Ohio, United States",40.8084,-82.9755
16,"Bali, Jawa Timur, Indonesia",-7.1046,112.337
730,"Dublin, Dublin, Ireland",53.3331,-6.24889
921,"Cabo San Lucas, Baja California Sur, Mexico",22.8833,-109.9
233,"Shanksville, Pennsylvania, United States",40.0179,-78.9072
1013,"Jerusalem District, Yerushalayim, Israel",31.75,35.0
1224,"San Antonio, Texas, United States",29.4241,-98.4936
994,"Bangkok, Krung Thep Mahanakhon, Thailand",13.75,100.517
492,"Sydney, New South Wales, Australia",-33.8833,151.217
208,"Graves County, Kentucky, United States",36.7334,-88.65
511,"Dover, New Hampshire, United States",43.1979,-70.8737
842,"Ramadi, Al Anbar, Iraq",33.4206,43.3078
93,"Basildon, Essex, United Kingdom",51.5667,0.466667
292,"Tucson, Arizona, United States",32.2217,-110.926
291,"Kabasalan, Maguindanao, Philippines",6.96833,124.632
199,"El Dorado County, California, United States",38.7666,-120.518
429,"Tempe, Arizona, United States",33.4148,-111.909
73,"Rapid City, South Dakota, United States",44.0805,-103.231
67,"Sochi, Krasnodarskiy Kray, Russia",43.5992,39.7257
795,"Yalu River, China (General), China",39.9322,124.321
812,"Warren County, New Jersey, United States",40.8334,-74.9496
489,"Vilnius, Vilniaus Apskritis, Lithuania",54.6833,25.3167
585,"Albu Kamal, Dayr Az Zawr, Syria",34.45,40.9186
794,"Arizona, United States",33.7712,-111.388
1080,"Rotherham, Rotherham, United Kingdom",53.4333,-1.35
1113,"Erie, Pennsylvania, United States",42.1292,-80.0851
674,"Kordofan, Shamal Kurdufan, Sudan",13.0833,30.35
732,"Henan, Henan, China",33.415,112.422
280,"Hasakah, Dhi Qar, Iraq",30.9833,47.1167
957,"New Hanover County, North Carolina, United States",34.2504,-77.8664
273,"Yalta, Tul'skaya Oblast', Russia",53.4771,38.0354
622,"Florida, United States",27.8333,-81.717
24,"Jerusalem, Israel (General), Israel",31.7667,35.2333
104,"Madagali, Adamawa, Nigeria",10.8902,13.6312
502,"Sheikh Ibrahim, ?Ims, Syria",35.1667,38.8333
314,"Han River, South Korea (General), South Korea",37.7492,126.183
1237,"Kinshasa, Kinshasa, Democratic Republic Of The Congo",-4.32972,15.315
159,"Kigali, (Rw09), Rwanda",-1.95361,30.0606
553,"Mubi, Adamawa, Nigeria",10.2676,13.2644
747,"Charleston, South Carolina, United States",32.7766,-79.9309
1037,"Broadmeadows, New South Wales, Australia",-29.85,152.3
47,"Kramatorsk, Donets'ka Oblast', Ukraine",48.723,37.5563
1017,"Ukhrul, Manipur, India",25.1167,94.3667
855,"Delft, Zuid-Holland, Netherlands",52.0186,4.37815
195,"Crimean Peninsula, Krym, Avtonomna Respublika, Ukraine",45.0,34.0
1057,"Arbil, Liwa' Irbil, Iraq",36.1926,44.0106
538,"Kirkuk, At Ta'mim, Iraq",35.4681,44.3922
680,"Bekaa Valley, BéA, Lebanon",33.8333,36.0
831,"Fort Wayne, Indiana, United States",41.1306,-85.1289
1147,"Dane County, Wisconsin, United States",43.0667,-89.4335
521,"Sinaloa, Tabasco, Mexico",18.4917,-93.75
162,"Meigs County, Ohio, United States",39.1001,-82.0165
433,"Ciudad Juarez, MéCo, Mexico",31.7333,-106.483
880,"Paghman, Kabol, Afghanistan",34.5875,68.9533
334,"Lafayette, Louisiana, United States",30.2241,-92.0198
1117,"Banten, Sumatera Utara, Indonesia",3.5263,98.3798
740,"Columbus, Ohio, United States",39.9612,-82.9988
1008,"Jamestown, Eastern Cape, South Africa",-31.1211,26.8069
1027,"Manipur, Uttar Pradesh, India",27.0529,79.3583
103,"Brooklyn, New York, United States",42.3442,-75.1704
871,"Chicago, Illinois, United States",41.85,-87.6501
1222,"Ciudad, Durango, Mexico",24.3833,-106.05
827,"Konduz, Kondoz, Afghanistan",36.729,68.857
174,"Tabqa, Ar Raqqah, Syria",35.8469,38.5443
422,"Quebec, Quebec, Canada",47.5,-72.0
1219,"Merseyside, United Kingdom (General), United Kingdom",53.4,-3.08333
905,"Chardon High School, Ohio, United States",41.5914,-81.2001
97,"Karachi, Sindh, Pakistan",24.8667,67.05
41,"Ohio State University, Ohio, United States",40.5792,-83.0902
668,"Costa Del Sol, Spain (General), Spain",36.6833,-4.0
688,"Davao City, Davao City, Philippines",7.07306,125.613
750,"Staten Island, New York, United States",40.5834,-74.1496
302,"Sylhet, Sylhet, Bangladesh",24.8967,91.8717
1126,"Port Moresby, National Capital, Papua New Guinea",-9.46472,147.193
188,"Hobyo, Mudug, Somalia",5.3505,48.5268
402,"New York, United States",42.1497,-74.9384
893,"Arabian Peninsula, Saudi Arabia (General), Saudi Arabia",25.0,45.0
838,"Pennsylvania State Police, Pennsylvania, United States",40.4723,-78.7484
616,"Smith County, Mississippi, United States",31.971,-89.4984
640,"Puntland, Somalia (General), Somalia",9.0,49.0
1121,"Alishing, Laghman, Afghanistan",34.7038,70.1537
83,"Hagerstown, Maryland, United States",39.6418,-77.72
804,"Shanghai, Shanghai, China",31.2222,121.458
870,"Shache, Xinjiang, China",38.4167,77.2406
896,"Michika, Adamawa, Nigeria",10.6159,13.3849
962,"Dussen, Noord-Brabant, Netherlands",51.7321,4.96312
1085,"Dawah, Al Basrah, Iraq",30.9583,47.4939
777,"Gulshan-E-Iqbal, Sindh, Pakistan",24.9222,67.09
143,"Dmytrivka, Mykolayivs'ka Oblast', Ukraine",46.6314,31.7386
464,"Rochester, New York, United States",43.1548,-77.6156
1051,"Ramsey County, Minnesota, United States",45.0333,-93.0835
6,"Kathmandu, Bagmati, Nepal",27.7167,85.3167
562,"Chennai, Tamil Nadu, India",13.0833,80.2833
1102,"Kent State University, Ohio, United States",40.8667,-81.4387
497,"Mississippi, United States",32.7673,-89.6812
183,"Upper Nile, Wilayat A`Ali An Nil, South Sudan",10.0,32.7
518,"Tirah, North-West Frontier, Pakistan",34.5258,72.6899
1211,"Bristol, Bristol, City Of, United Kingdom",51.45,-2.58333
439,"Amsterdam, Noord-Holland, Netherlands",52.35,4.91667
362,"Dangam, Konar, Afghanistan",34.9923,71.4194
411,"Cape Cod, Massachusetts, United States",41.7001,-70.0328
705,"Pyongyang, P'yongyang-Si, North Korea",39.0194,125.755
478,"Greene County, Pennsylvania, United States",40.0004,-80.2501
398,"Indore, Madhya Pradesh, India",22.7167,75.8333
384,"Apshawa, New Jersey, United States",41.0176,-74.3629
836,"Nanjing, Jiangsu, China",32.0617,118.778
942,"Dnipropetrovsk, Dnipropetrovs'ka Oblast', Ukraine",48.463,35.039
955,"Adamawa State, Adamawa, Nigeria",9.33333,12.5
407,"Denton, Texas, United States",33.2148,-97.1331
376,"Baltimore, Maryland, United States",39.2904,-76.6122
912,"Karbala, Karbala', Iraq",32.5979,44.0165
599,"Ninoy Aquino International Airport, Pasay, Philippines",14.505,121.005
1167,"Marikana, North-West, South Africa",-25.5833,27.5667
587,"Quetta, Balochistan, Pakistan",30.199,67.0097
609,"Dakar, Dakar, Senegal",14.7367,-17.6339
1235,"Tennessee, United States",35.7449,-86.7489
95,"Frankfurt, Brandenburg, Germany",52.35,14.55
923,"Tulsa County, Oklahoma, United States",36.1001,-95.9003
601,"Salhiyah, Dayr Az Zawr, Syria",34.7517,40.7279
822,"Jenin, West Bank (General), West Bank",32.4594,35.3009
231,"Berkeley, California, United States",37.8716,-122.273
148,"Letsie, Lesotho (General), Lesotho",-29.8333,27.3167
504,"Sinjar, Babil, Iraq",32.5312,44.4116
726,"Bogota, Cundinamarca, Colombia",4.6,-74.0833
106,"Kabylia, Bordj Bou ArréDj, Algeria",36.25,5.0
707,"Little Rock, Arkansas, United States",34.7465,-92.2896
157,"Surat, Gujarat, India",20.9667,72.9
964,"Michigan, United States",43.3504,-84.5603
935,"Berkshire, Massachusetts, United States",42.5126,-73.1929
203,"Ngom, Cross River, Nigeria",6.4313,8.4685
1213,"Oslo, Oslo, Norway",59.9167,10.75
1093,"Idaho, United States",44.2394,-114.51
81,"Karnes County, Texas, United States",28.8836,-97.8503
1023,"Daytona Beach, Florida, United States",29.2108,-81.0228
321,"Tor Darra, Federally Administered Tribal Areas, Pakistan",33.8961,70.7895
1199,"Prague, Praha, HlavníEsto, Czech Republic",50.0833,14.4667
371,"Hasakeh, Al ?Asakah, Syria",36.5024,40.7477
656,"Slavyansk, Primorskiy Kray, Russia",42.8696,131.378
1248,"Saraqeb, Idlib, Syria",35.8645,36.8059
1079,"Kidal, Kidal, Mali",18.4411,1.40778
924,"Bazza, Adamawa, Nigeria",10.5643,13.3176
885,"Brisbane, Queensland, Australia",-27.5,153.017
339,"Capitol Hill, District Of Columbia, United States",38.889,-77.0003
760,"Minya, Al Minya, Egypt",28.1099,30.7503
749,"Diyala, DiyaláZ, Iraq",34.0,45.0
268,"Nador, Oriental, Morocco",35.174,-2.92866
531,"Qalamoun, Rif Dimashq, Syria",33.8,36.4333
829,"Nashville, Tennessee, United States",36.1659,-86.7844
345,"Konduga, Borno, Nigeria",11.6558,13.4213
613,"Melbourne, Victoria, Australia",-37.8167,144.967
721,"Warsaw, (Pl67), Poland",52.25,21.0
1043,"Jefferson County, Alabama, United States",33.5834,-86.8667
282,"Abuja, Abuja Federal Capital Territory, Nigeria",9.08333,7.53333
121,"Model Town, Balochistan, Pakistan",30.2073,67.0055
989,"University Of Florida, Florida, United States",29.6486,-82.3493
1071,"Paris, RhôAlpes, France",45.6333,5.73333
487,"Giza, Al Jizah, Egypt",30.0086,31.2122
577,"Ottawa, Ontario, Canada",45.4167,-75.7
216,"Acadiana, Louisiana, United States",30.4463,-91.1126
852,"Great Yarmouth, Norfolk, United Kingdom",52.6333,1.75
63,"Youngstown, Ohio, United States",41.0998,-80.6495
1120,"Pacifica, California, United States",37.6138,-122.487
1105,"Algiers, Alger, Algeria",36.7631,3.05056
1187,"Roma, Lazio, Italy",41.9,12.4833
676,"Ogun State, Ogun, Nigeria",7.0,3.58333
277,"Sioux Falls, South Dakota, United States",43.55,-96.7003
879,"Shamlan, San‘A', Yemen",15.4098,44.1405
1095,"Lanseria, Mpumalanga, South Africa",-26.5497,28.7306
1183,"Barawe, Shabeellaha Hoose, Somalia",1.1132,44.0297
1132,"Rawalpindi, Punjab, Pakistan",33.6,73.0667
929,"Jakarta, Jakarta Raya, Indonesia",-6.17444,106.829
133,"Tizi-Ouzou, Tizi Ouzou, Algeria",36.7118,4.04591
123,"Dushanbe, Tajikistan (General), Tajikistan",38.56,68.7739
304,"Maiduguri, Borno, Nigeria",11.8464,13.1603
547,"Potter County, Texas, United States",35.4167,-101.9
631,"Esenboga, Ankara, Turkey",40.1351,32.9873
396,"Karaca, Agri, Turkey",39.3926,43.5486
258,"South China Sea, Brunei (General), Brunei",15.0,115.0
949,"Raqa, Saudi Arabia (General), Saudi Arabia",17.8728,41.7711
499,"Gainesville, Florida, United States",29.6516,-82.3248
56,"Novorossiya, Primorskiy Kray, Russia",43.3427,132.556
1151,"Sanaa, San‘A', Yemen",15.3547,44.2067
54,"Allahabad, Uttar Pradesh, India",25.45,81.85
1204,"Dubai, Dubayy, United Arab Emirates",25.2522,55.28
1047,"Laghman, Laghman, Afghanistan",34.6714,70.2094
1055,"Columbia High School, New Jersey, United States",40.7357,-74.2657
166,"Macdill Air Force Base, Florida, United States",27.8472,-82.5034
88,"Millsboro, Delaware, United States",38.5915,-75.2913
1009,"Merrillville, Indiana, United States",41.4828,-87.3328
30,"Ministry Of Health, Amanat Al `Asimah, Yemen",15.3533,44.2052
141,"Anbar, Kayseri, Turkey",38.7525,35.3764
1124,"Minbej, ?Alab, Syria",36.5282,37.955
1230,"Abbotsford, British Columbia, Canada",49.05,-122.3
75,"Connecticut, United States",41.5834,-72.7622
134,"Pisgat Zeev, West Bank (General), West Bank",31.8167,35.2333
618,"Rome, Lazio, Italy",41.9,12.4833
848,"Kivu, Sud, Rwanda",-2.631,29.5048
1060,"East China Sea, Japan (General), Japan",29.0,125.0
703,"Islamabad, Islamabad, Pakistan",33.7,73.1667
900,"West Palm Beach, Florida, United States",26.7153,-80.0534
1134,"Rostov, Rostovskaya Oblast', Russia",47.2364,39.7139
318,"Chattanooga, Tennessee, United States",35.0456,-85.3097
972,"Ottumwa, Iowa, United States",41.02,-92.4113
185,"Nairobi, Nairobi Area, Kenya",-1.28333,36.8167
248,"Kano, Kano, Nigeria",11.9964,8.51667
146,"Mansoura, Ad Daqahliyah, Egypt",31.0364,31.3807
356,"Rio De Janeiro, Estado Do Rio, Brazil",-22.9,-43.2333
802,"Gulfport, Mississippi, United States",30.3674,-89.0928
4,"Minneapolis, Minnesota, United States",44.98,-93.2638
528,"Pskov, Pskovskaya Oblast', Russia",57.8136,28.3496
